datetime,Predicted Demand (MW)
2023-02-22 01:00:00,456.94763
2023-02-22 02:00:00,455.7848
2023-02-22 03:00:00,456.08707
2023-02-22 04:00:00,457.56442
2023-02-22 05:00:00,469.28354
2023-02-22 06:00:00,500.73706
2023-02-22 07:00:00,526.3155
2023-02-22 08:00:00,543.4013
2023-02-22 09:00:00,544.518
2023-02-22 10:00:00,544.5797
2023-02-22 11:00:00,557.38654
2023-02-22 12:00:00,552.31085
2023-02-22 13:00:00,550.58026
2023-02-22 14:00:00,547.163
2023-02-22 15:00:00,552.94794
2023-02-22 16:00:00,563.2382
2023-02-22 17:00:00,562.34625
2023-02-22 18:00:00,556.67334
2023-02-22 19:00:00,557.8088
2023-02-22 20:00:00,557.89813
2023-02-22 21:00:00,536.42126
2023-02-22 22:00:00,507.12515
2023-02-22 23:00:00,482.92563
2023-02-23 00:00:00,464.30362
2023-02-23 01:00:00,459.3935
2023-02-23 02:00:00,456.2054
2023-02-23 03:00:00,456.3515
2023-02-23 04:00:00,456.61362
2023-02-23 05:00:00,468.6831
2023-02-23 06:00:00,491.89407
2023-02-23 07:00:00,514.8701
2023-02-23 08:00:00,527.35706
2023-02-23 09:00:00,537.82135
2023-02-23 10:00:00,551.91565
2023-02-23 11:00:00,551.12665
2023-02-23 12:00:00,543.6934
2023-02-23 13:00:00,528.6717
2023-02-23 14:00:00,528.5755
2023-02-23 15:00:00,531.96185
2023-02-23 16:00:00,533.7389
2023-02-23 17:00:00,539.69104
2023-02-23 18:00:00,548.44147
2023-02-23 19:00:00,562.9033
2023-02-23 20:00:00,563.5878
2023-02-23 21:00:00,562.1516
2023-02-23 22:00:00,552.39465
2023-02-23 23:00:00,549.5115
2023-02-24 00:00:00,523.0751
2023-02-24 01:00:00,519.5875
2023-02-24 02:00:00,522.68225
2023-02-24 03:00:00,532.0664
2023-02-24 04:00:00,532.39844
2023-02-24 05:00:00,551.8231
2023-02-24 06:00:00,585.0924
2023-02-24 07:00:00,610.87384
2023-02-24 08:00:00,609.25055
2023-02-24 09:00:00,615.0304
2023-02-24 10:00:00,602.0906
2023-02-24 11:00:00,582.7325
2023-02-24 12:00:00,571.2934
2023-02-24 13:00:00,553.00745
2023-02-24 14:00:00,550.5213
2023-02-24 15:00:00,540.2676
2023-02-24 16:00:00,529.7631
2023-02-24 17:00:00,540.0318
2023-02-24 18:00:00,569.64844
2023-02-24 19:00:00,572.65
2023-02-24 20:00:00,588.3354
2023-02-24 21:00:00,581.5872
2023-02-24 22:00:00,569.56415
2023-02-24 23:00:00,534.4778
2023-02-25 00:00:00,476.5987
2023-02-25 01:00:00,464.18677
2023-02-25 02:00:00,459.0818
2023-02-25 03:00:00,459.9981
2023-02-25 04:00:00,464.21207
2023-02-25 05:00:00,466.4834
2023-02-25 06:00:00,474.99887
2023-02-25 07:00:00,487.26205
2023-02-25 08:00:00,495.3116
2023-02-25 09:00:00,501.1876
2023-02-25 10:00:00,483.2805
2023-02-25 11:00:00,471.7852
2023-02-25 12:00:00,466.07797
2023-02-25 13:00:00,464.22302
2023-02-25 14:00:00,460.10587
2023-02-25 15:00:00,459.33646
2023-02-25 16:00:00,469.45612
2023-02-25 17:00:00,473.4596
2023-02-25 18:00:00,494.6216
2023-02-25 19:00:00,502.05908
2023-02-25 20:00:00,506.86865
2023-02-25 21:00:00,492.13107
2023-02-25 22:00:00,480.36395
2023-02-25 23:00:00,461.02457
2023-02-26 00:00:00,455.76248
2023-02-26 01:00:00,445.68094
2023-02-26 02:00:00,437.8102
2023-02-26 03:00:00,439.11398
2023-02-26 04:00:00,440.1521
2023-02-26 05:00:00,442.54016
2023-02-26 06:00:00,441.46152
2023-02-26 07:00:00,449.00922
2023-02-26 08:00:00,454.7522
2023-02-26 09:00:00,451.03976
2023-02-26 10:00:00,453.62933
2023-02-26 11:00:00,453.23755
2023-02-26 12:00:00,452.43298
2023-02-26 13:00:00,448.8862
2023-02-26 14:00:00,449.4044
2023-02-26 15:00:00,453.55585
2023-02-26 16:00:00,457.38394
2023-02-26 17:00:00,472.50803
2023-02-26 18:00:00,484.0485
2023-02-26 19:00:00,487.2651
2023-02-26 20:00:00,486.50546
2023-02-26 21:00:00,474.5569
2023-02-26 22:00:00,456.07416
2023-02-26 23:00:00,436.7295
2023-02-27 00:00:00,432.9692
2023-02-27 01:00:00,432.85788
2023-02-27 02:00:00,430.79074
2023-02-27 03:00:00,430.39642
2023-02-27 04:00:00,432.08078
2023-02-27 05:00:00,453.16418
2023-02-27 06:00:00,480.90982
2023-02-27 07:00:00,512.33905
2023-02-27 08:00:00,529.52936
2023-02-27 09:00:00,543.27905
2023-02-27 10:00:00,547.172
2023-02-27 11:00:00,542.25433
2023-02-27 12:00:00,536.09937
2023-02-27 13:00:00,519.1494
2023-02-27 14:00:00,518.16516
2023-02-27 15:00:00,522.16583
2023-02-27 16:00:00,528.8824
2023-02-27 17:00:00,531.82745
2023-02-27 18:00:00,546.61084
2023-02-27 19:00:00,542.89984
2023-02-27 20:00:00,542.08575
2023-02-27 21:00:00,528.5119
2023-02-27 22:00:00,501.54416
2023-02-27 23:00:00,479.1338
2023-02-28 00:00:00,464.67062
2023-02-28 01:00:00,460.69766
2023-02-28 02:00:00,453.92834
2023-02-28 03:00:00,456.5139
2023-02-28 04:00:00,456.54788
2023-02-28 05:00:00,472.1806
2023-02-28 06:00:00,503.8547
2023-02-28 07:00:00,524.64166
2023-02-28 08:00:00,533.2563
2023-02-28 09:00:00,528.86206
2023-02-28 10:00:00,537.55676
2023-02-28 11:00:00,540.27814
2023-02-28 12:00:00,538.0415
2023-02-28 13:00:00,538.7809
2023-02-28 14:00:00,537.6937
2023-02-28 15:00:00,532.5777
2023-02-28 16:00:00,535.7037
2023-02-28 17:00:00,536.69507
2023-02-28 18:00:00,543.96826
2023-02-28 19:00:00,548.082
2023-02-28 20:00:00,550.521
2023-02-28 21:00:00,536.45496
2023-02-28 22:00:00,508.8411
2023-02-28 23:00:00,485.52563
